CREATE TABLE Babies(
	ID INT PRIMARY KEY,
	FIRST TEXT,
	LAST TEXT,
	HAIR TEXT,
	EYES TEXT
);

INSERT INTO Babies(ID,FIRST,LAST,HAIR,EYES) VALUES (10,"MICHAEL","JACKSON","BLONDE","BLUE");
INSERT INTO Babies(ID,FIRST,LAST,HAIR,EYES) VALUES (12,"MICHAEL","BOLTON","BLONDE","BLUE");
INSERT INTO Babies(ID,FIRST,LAST,HAIR,EYES) VALUES (8,"SHADOW","HEDGEHOG","BLACK","RED");
INSERT INTO Babies(ID,FIRST,LAST,HAIR,EYES) VALUES (7,"SONIC","HEDGEHOG","BLUE","GREEN");
INSERT INTO Babies(ID,FIRST,LAST,HAIR,EYES) VALUES (6,"MICHAEL","NATSUIRO","BLONDE","BLUE");
INSERT INTO Babies(ID,FIRST,LAST,HAIR,EYES) VALUES (5,"MICHAEL","SHIRAKAMI","BLONDE","BLUE");
INSERT INTO Babies(ID,FIRST,LAST,HAIR,EYES) VALUES (4,"MICHAEL","YOZORA","BLONDE","BLUE");
INSERT INTO Babies(ID,FIRST,LAST,HAIR,EYES) VALUES (3,"MICHAEL","HOSHIMACHI","BLONDE","BLUE");
INSERT INTO Babies(ID,FIRST,LAST,HAIR,EYES) VALUES (2,"MICHAEL","SAKURA","BLONDE","BLUE");
INSERT INTO Babies(ID,FIRST,LAST,HAIR,EYES) VALUES (1,"MICHAEL","TOKINO","BLONDE","BLUE");
INSERT INTO Babies(ID,FIRST,LAST,HAIR,EYES) VALUES (9,"MICHAEL","AKAI","BLONDE","BLUE");
INSERT INTO Babies(ID,FIRST,LAST,HAIR,EYES) VALUES (11,"MICHAEL","AKI","BLONDE","BLUE");
INSERT INTO Babies(ID,FIRST,LAST,HAIR,EYES) VALUES (13,"MICHAEL","HITOMI","BLONDE","BLUE");
INSERT INTO Babies(ID,FIRST,LAST,HAIR,EYES) VALUES (14,"MICHAEL","MINATO","BLONDE","BLUE");
INSERT INTO Babies(ID,FIRST,LAST,HAIR,EYES) VALUES (15,"MICHAEL","MURASAKI","BLONDE","BLUE");
INSERT INTO Babies(ID,FIRST,LAST,HAIR,EYES) VALUES (16,"MICHAEL","NAKIRI","BLONDE","BLUE");
INSERT INTO Babies(ID,FIRST,LAST,HAIR,EYES) VALUES (17,"MICHAEL","YUZUKI","BLONDE","BLUE");
INSERT INTO Babies(ID,FIRST,LAST,HAIR,EYES) VALUES (18,"MICHAEL","OOZORA","BLONDE","BLUE");
INSERT INTO Babies(ID,FIRST,LAST,HAIR,EYES) VALUES (19,"MICHAEL","OOKAMI","BLONDE","BLUE");
INSERT INTO Babies(ID,FIRST,LAST,HAIR,EYES) VALUES (20,"MICHAEL","NEKOMATA","BLONDE","BLUE");
INSERT INTO Babies(ID,FIRST,LAST,HAIR,EYES) VALUES (21,"MICHAEL","INUGAMI","BLONDE","BLUE");
INSERT INTO Babies(ID,FIRST,LAST,HAIR,EYES) VALUES (22,"MICHAEL","USADA","BLONDE","BLUE");
INSERT INTO Babies(ID,FIRST,LAST,HAIR,EYES) VALUES (23,"MICHAEL","SHIRANUI","BLONDE","BLUE");
INSERT INTO Babies(ID,FIRST,LAST,HAIR,EYES) VALUES (24,"MICHAEL","SHIROGANE","BLONDE","BLUE");
INSERT INTO Babies(ID,FIRST,LAST,HAIR,EYES) VALUES (25,"MICHAEL","HOUSHOU","BLONDE","BLUE");
INSERT INTO Babies(ID,FIRST,LAST,HAIR,EYES) VALUES (26,"MICHAEL","URUHA","BLONDE","BLUE");
INSERT INTO Babies(ID,FIRST,LAST,HAIR,EYES) VALUES (27,"MICHAEL","AMANE","BLONDE","BLUE");
INSERT INTO Babies(ID,FIRST,LAST,HAIR,EYES) VALUES (28,"MICHAEL","TSUNOMAKI","BLONDE","BLUE");
INSERT INTO Babies(ID,FIRST,LAST,HAIR,EYES) VALUES (29,"MICHAEL","TOKOYAMI","BLONDE","BLUE");
INSERT INTO Babies(ID,FIRST,LAST,HAIR,EYES) VALUES (30,"MICHAEL","HIMEMORI","BLONDE","BLUE");
INSERT INTO Babies(ID,FIRST,LAST,HAIR,EYES) VALUES (31,"MICHAEL","KIRYU","BLONDE","BLUE");
INSERT INTO Babies(ID,FIRST,LAST,HAIR,EYES) VALUES (32,"MICHAEL","YUKIHANA","BLONDE","BLUE");
INSERT INTO Babies(ID,FIRST,LAST,HAIR,EYES) VALUES (33,"MICHAEL","MOMOSUZU","BLONDE","BLUE");
INSERT INTO Babies(ID,FIRST,LAST,HAIR,EYES) VALUES (34,"MICHAEL","SHISHIRO","BLONDE","BLUE");
INSERT INTO Babies(ID,FIRST,LAST,HAIR,EYES) VALUES (35,"MICHAEL","OMARU","BLONDE","BLUE");
INSERT INTO Babies(ID,FIRST,LAST,HAIR,EYES) VALUES (36,"MICHAEL","MANO","BLONDE","BLUE");
INSERT INTO Babies(ID,FIRST,LAST,HAIR,EYES) VALUES (37,"MICHAEL","LA","BLONDE","BLUE");
INSERT INTO Babies(ID,FIRST,LAST,HAIR,EYES) VALUES (38,"MICHAEL","TAKANE","BLONDE","BLUE");
INSERT INTO Babies(ID,FIRST,LAST,HAIR,EYES) VALUES (39,"MICHAEL","HAKUI","BLONDE","BLUE");
INSERT INTO Babies(ID,FIRST,LAST,HAIR,EYES) VALUES (40,"MICHAEL","SAKAMATA","BLONDE","BLUE");
INSERT INTO Babies(ID,FIRST,LAST,HAIR,EYES) VALUES (41,"MICHAEL","KAZAMA","BLONDE","BLUE");
INSERT INTO Babies(ID,FIRST,LAST,HAIR,EYES) VALUES (42,"MICHAEL","MORI","BLONDE","BLUE");
INSERT INTO Babies(ID,FIRST,LAST,HAIR,EYES) VALUES (43,"MICHAEL","TAKANASHI","BLONDE","BLUE");
INSERT INTO Babies(ID,FIRST,LAST,HAIR,EYES) VALUES (44,"MICHAEL","NINOMAE","BLONDE","BLUE");
INSERT INTO Babies(ID,FIRST,LAST,HAIR,EYES) VALUES (45,"MICHAEL","GAWR","BLONDE","BLUE");
INSERT INTO Babies(ID,FIRST,LAST,HAIR,EYES) VALUES (46,"MICHAEL","WATSON","BLONDE","BLUE");
INSERT INTO Babies(ID,FIRST,LAST,HAIR,EYES) VALUES (47,"MICHAEL","CERES","BLONDE","BLUE");
INSERT INTO Babies(ID,FIRST,LAST,HAIR,EYES) VALUES (48,"MICHAEL","OURO","BLONDE","BLUE");
INSERT INTO Babies(ID,FIRST,LAST,HAIR,EYES) VALUES (49,"MICHAEL","NANASHI","BLONDE","BLUE");
INSERT INTO Babies(ID,FIRST,LAST,HAIR,EYES) VALUES (50,"MICHAEL","HAKOS","BLONDE","BLUE");

CREATE TABLE Attendance(
	ID INT PRIMARY KEY,
	DATE INT,
	BABY_ID INT
);

INSERT INTO Attendance(ID,DATE,BABY_ID) VALUES (76,"3/16/23",10);
INSERT INTO Attendance(ID,DATE,BABY_ID) VALUES (79,"3/17/23",12);
INSERT INTO Attendance(ID,DATE,BABY_ID) VALUES (52,"3/17/23",8);
INSERT INTO Attendance(ID,DATE,BABY_ID) VALUES (82,"3/17/23",7);
INSERT INTO Attendance(ID,DATE,BABY_ID) VALUES (85,"3/17/23",6);
INSERT INTO Attendance(ID,DATE,BABY_ID) VALUES (88,"3/17/23",5);
INSERT INTO Attendance(ID,DATE,BABY_ID) VALUES (91,"3/17/23",4);
INSERT INTO Attendance(ID,DATE,BABY_ID) VALUES (94,"3/17/23",3);
INSERT INTO Attendance(ID,DATE,BABY_ID) VALUES (97,"3/17/23",2);
INSERT INTO Attendance(ID,DATE,BABY_ID) VALUES (100,"3/17/23",1);
INSERT INTO Attendance(ID,DATE,BABY_ID) VALUES (103,"3/17/23",9);
INSERT INTO Attendance(ID,DATE,BABY_ID) VALUES (106,"3/17/23",11);
INSERT INTO Attendance(ID,DATE,BABY_ID) VALUES (109,"3/17/23",13);
INSERT INTO Attendance(ID,DATE,BABY_ID) VALUES (112,"3/17/23",14);
INSERT INTO Attendance(ID,DATE,BABY_ID) VALUES (115,"3/17/23",15);
INSERT INTO Attendance(ID,DATE,BABY_ID) VALUES (118,"3/17/23",16);
INSERT INTO Attendance(ID,DATE,BABY_ID) VALUES (121,"3/17/23",17);
INSERT INTO Attendance(ID,DATE,BABY_ID) VALUES (124,"3/17/23",18);
INSERT INTO Attendance(ID,DATE,BABY_ID) VALUES (127,"3/17/23",19);
INSERT INTO Attendance(ID,DATE,BABY_ID) VALUES (130,"3/17/23",20);
INSERT INTO Attendance(ID,DATE,BABY_ID) VALUES (133,"3/17/23",21);
INSERT INTO Attendance(ID,DATE,BABY_ID) VALUES (136,"3/17/23",22);
INSERT INTO Attendance(ID,DATE,BABY_ID) VALUES (139,"3/17/23",23);
INSERT INTO Attendance(ID,DATE,BABY_ID) VALUES (142,"3/17/23",24);
INSERT INTO Attendance(ID,DATE,BABY_ID) VALUES (145,"3/17/23",25);
INSERT INTO Attendance(ID,DATE,BABY_ID) VALUES (148,"3/17/23",26);
INSERT INTO Attendance(ID,DATE,BABY_ID) VALUES (151,"3/17/23",27);
INSERT INTO Attendance(ID,DATE,BABY_ID) VALUES (154,"3/17/23",28);
INSERT INTO Attendance(ID,DATE,BABY_ID) VALUES (157,"3/17/23",29);
INSERT INTO Attendance(ID,DATE,BABY_ID) VALUES (160,"3/17/23",30);
INSERT INTO Attendance(ID,DATE,BABY_ID) VALUES (163,"3/17/23",31);
INSERT INTO Attendance(ID,DATE,BABY_ID) VALUES (166,"3/17/23",32);
INSERT INTO Attendance(ID,DATE,BABY_ID) VALUES (169,"3/17/23",33);
INSERT INTO Attendance(ID,DATE,BABY_ID) VALUES (172,"3/17/23",34);
INSERT INTO Attendance(ID,DATE,BABY_ID) VALUES (175,"3/17/23",35);
INSERT INTO Attendance(ID,DATE,BABY_ID) VALUES (178,"3/17/23",36);
INSERT INTO Attendance(ID,DATE,BABY_ID) VALUES (181,"3/17/23",37);
INSERT INTO Attendance(ID,DATE,BABY_ID) VALUES (184,"3/17/23",38);
INSERT INTO Attendance(ID,DATE,BABY_ID) VALUES (187,"3/17/23",39);
INSERT INTO Attendance(ID,DATE,BABY_ID) VALUES (190,"3/17/23",40);
INSERT INTO Attendance(ID,DATE,BABY_ID) VALUES (193,"3/17/23",41);
INSERT INTO Attendance(ID,DATE,BABY_ID) VALUES (196,"3/17/23",42);
INSERT INTO Attendance(ID,DATE,BABY_ID) VALUES (199,"3/17/23",43);
INSERT INTO Attendance(ID,DATE,BABY_ID) VALUES (202,"3/17/23",44);
INSERT INTO Attendance(ID,DATE,BABY_ID) VALUES (205,"3/17/23",45);
INSERT INTO Attendance(ID,DATE,BABY_ID) VALUES (208,"3/17/23",46);
INSERT INTO Attendance(ID,DATE,BABY_ID) VALUES (211,"3/17/23",47);
INSERT INTO Attendance(ID,DATE,BABY_ID) VALUES (214,"3/17/23",48);
INSERT INTO Attendance(ID,DATE,BABY_ID) VALUES (217,"3/17/23",49);
INSERT INTO Attendance(ID,DATE,BABY_ID) VALUES (220,"3/17/23",50);

CREATE TABLE DaycareEmployees(
	ID INT PRIMARY KEY,
	FIRST TEXT,
	LAST TEXT
);

INSERT INTO DaycareEmployees(ID,FIRST,LAST) VALUES (222,"JANINE","LONGBOTTOM");
INSERT INTO DaycareEmployees(ID,FIRST,LAST) VALUES (280,"JANINE","STEVENS");
INSERT INTO DaycareEmployees(ID,FIRST,LAST) VALUES (301,"MIGUEL","JOHNSON");
INSERT INTO DaycareEmployees(ID,FIRST,LAST) VALUES (311,"TAILS","PROWER");
INSERT INTO DaycareEmployees(ID,FIRST,LAST) VALUES (321,"MIGUEL","TSUKINO");
INSERT INTO DaycareEmployees(ID,FIRST,LAST) VALUES (331,"MIGUEL","SHIBUYA");
INSERT INTO DaycareEmployees(ID,FIRST,LAST) VALUES (341,"MIGUEL","HIGUCHI");
INSERT INTO DaycareEmployees(ID,FIRST,LAST) VALUES (351,"MIGUEL","YUKI");
INSERT INTO DaycareEmployees(ID,FIRST,LAST) VALUES (361,"MIGUEL","SHIZUKA");
INSERT INTO DaycareEmployees(ID,FIRST,LAST) VALUES (371,"MIGUEL","SUZUYA");
INSERT INTO DaycareEmployees(ID,FIRST,LAST) VALUES (381,"MIGUEL","IENAGA");
INSERT INTO DaycareEmployees(ID,FIRST,LAST) VALUES (391,"MIGUEL","MONONOBE");
INSERT INTO DaycareEmployees(ID,FIRST,LAST) VALUES (401,"MIGUEL","KENMOCHI");
INSERT INTO DaycareEmployees(ID,FIRST,LAST) VALUES (411,"MIGUEL","MORINAKA");
INSERT INTO DaycareEmployees(ID,FIRST,LAST) VALUES (421,"MIGUEL","FUSHIMI");
INSERT INTO DaycareEmployees(ID,FIRST,LAST) VALUES (431,"MIGUEL","GILZAREN");
INSERT INTO DaycareEmployees(ID,FIRST,LAST) VALUES (441,"MIGUEL","SUZUKA");
INSERT INTO DaycareEmployees(ID,FIRST,LAST) VALUES (451,"MIGUEL","FUMINO");
INSERT INTO DaycareEmployees(ID,FIRST,LAST) VALUES (461,"MIGUEL","USHIMI");
INSERT INTO DaycareEmployees(ID,FIRST,LAST) VALUES (471,"MIGUEL","YUUHI");
INSERT INTO DaycareEmployees(ID,FIRST,LAST) VALUES (481,"MIGUEL","AKABANE");
INSERT INTO DaycareEmployees(ID,FIRST,LAST) VALUES (491,"MIGUEL","SASAKI");
INSERT INTO DaycareEmployees(ID,FIRST,LAST) VALUES (501,"MIGUEL","HONMA");
INSERT INTO DaycareEmployees(ID,FIRST,LAST) VALUES (511,"MIGUEL","MAKAINO");
INSERT INTO DaycareEmployees(ID,FIRST,LAST) VALUES (521,"MIGUEL","SHIINA");
INSERT INTO DaycareEmployees(ID,FIRST,LAST) VALUES (531,"MIGUEL","YAMIYONO");
INSERT INTO DaycareEmployees(ID,FIRST,LAST) VALUES (541,"MIGUEL","HANABATAKE");
INSERT INTO DaycareEmployees(ID,FIRST,LAST) VALUES (551,"MIGUEL","AZUCHI");
INSERT INTO DaycareEmployees(ID,FIRST,LAST) VALUES (561,"MIGUEL","SUZUKI");
INSERT INTO DaycareEmployees(ID,FIRST,LAST) VALUES (571,"MIGUEL","TODOROKI");
INSERT INTO DaycareEmployees(ID,FIRST,LAST) VALUES (581,"MIGUEL","UZUKI");
INSERT INTO DaycareEmployees(ID,FIRST,LAST) VALUES (591,"MIGUEL","YASHIRO");
INSERT INTO DaycareEmployees(ID,FIRST,LAST) VALUES (601,"MIGUEL","NAKAO");
INSERT INTO DaycareEmployees(ID,FIRST,LAST) VALUES (611,"MIGUEL","UMIYASHANO");
INSERT INTO DaycareEmployees(ID,FIRST,LAST) VALUES (621,"MIGUEL","HASSAKU");
INSERT INTO DaycareEmployees(ID,FIRST,LAST) VALUES (631,"MIGUEL","IZUMO");
INSERT INTO DaycareEmployees(ID,FIRST,LAST) VALUES (641,"MIGUEL","HARUSAKI");
INSERT INTO DaycareEmployees(ID,FIRST,LAST) VALUES (651,"MIGUEL","NARUSE");
INSERT INTO DaycareEmployees(ID,FIRST,LAST) VALUES (661,"MIGUEL","KANDA");
INSERT INTO DaycareEmployees(ID,FIRST,LAST) VALUES (671,"MIGUEL","AMEMORI");
INSERT INTO DaycareEmployees(ID,FIRST,LAST) VALUES (681,"MIGUEL","TAKAMIYA");
INSERT INTO DaycareEmployees(ID,FIRST,LAST) VALUES (691,"MIGUEL","ASUKA");
INSERT INTO DaycareEmployees(ID,FIRST,LAST) VALUES (701,"MIGUEL","MAIMOTO");
INSERT INTO DaycareEmployees(ID,FIRST,LAST) VALUES (711,"MIGUEL","DEBIDEBI");
INSERT INTO DaycareEmployees(ID,FIRST,LAST) VALUES (721,"MIGUEL","RINDOU");
INSERT INTO DaycareEmployees(ID,FIRST,LAST) VALUES (731,"MIGUEL","JOE");
INSERT INTO DaycareEmployees(ID,FIRST,LAST) VALUES (741,"MIGUEL","MACHITA");
INSERT INTO DaycareEmployees(ID,FIRST,LAST) VALUES (751,"MIGUEL","SAKURA");
INSERT INTO DaycareEmployees(ID,FIRST,LAST) VALUES (761,"MIGUEL","BELMOND");
INSERT INTO DaycareEmployees(ID,FIRST,LAST) VALUES (771,"MIGUEL","YAGURUMA");

CREATE TABLE Interviews(
	ID INT PRIMARY KEY,
	EMP_ID INT,
	CRIME_TYPE TEXT,
	INTERVIEW TEXT,
	DATE INT,
	FOREIGN KEY(EMP_ID) REFERENCES DaycareEmployees(ID)
);

INSERT INTO Interviews(ID,EMP_ID,CRIME_TYPE,INTERVIEW,DATE) VALUES (805,222,"COOKIE","BLUE EYED MIKE DID IT","3/16/23");
INSERT INTO Interviews(ID,EMP_ID,CRIME_TYPE,INTERVIEW,DATE) VALUES (810,280,"COOKIE","SHADOW DID IT","3/17/23");
INSERT INTO Interviews(ID,EMP_ID,CRIME_TYPE,INTERVIEW,DATE) VALUES (815,301,"MILK SPILL","SONIC DID IT","3/17/23");
INSERT INTO Interviews(ID,EMP_ID,CRIME_TYPE,INTERVIEW,DATE) VALUES (820,311,"COOKIE","SHADOW DID IT","3/17/23");
INSERT INTO Interviews(ID,EMP_ID,CRIME_TYPE,INTERVIEW,DATE) VALUES (825,321,"COOKIE","SONIC DID IT","3/17/23");
INSERT INTO Interviews(ID,EMP_ID,CRIME_TYPE,INTERVIEW,DATE) VALUES (830,331,"MILK SPILL","SHADOW DID IT","3/17/23");
INSERT INTO Interviews(ID,EMP_ID,CRIME_TYPE,INTERVIEW,DATE) VALUES (835,341,"COOKIE","SONIC DID IT","3/17/23");
INSERT INTO Interviews(ID,EMP_ID,CRIME_TYPE,INTERVIEW,DATE) VALUES (840,351,"MILK SPILL","SHADOW DID IT","3/17/23");
INSERT INTO Interviews(ID,EMP_ID,CRIME_TYPE,INTERVIEW,DATE) VALUES (845,361,"COOKIE","SONIC DID IT","3/17/23");
INSERT INTO Interviews(ID,EMP_ID,CRIME_TYPE,INTERVIEW,DATE) VALUES (850,371,"MILK SPILL","SHADOW DID IT","3/17/23");
INSERT INTO Interviews(ID,EMP_ID,CRIME_TYPE,INTERVIEW,DATE) VALUES (855,381,"COOKIE","SONIC DID IT","3/17/23");
INSERT INTO Interviews(ID,EMP_ID,CRIME_TYPE,INTERVIEW,DATE) VALUES (860,391,"MILK SPILL","SHADOW DID IT","3/17/23");
INSERT INTO Interviews(ID,EMP_ID,CRIME_TYPE,INTERVIEW,DATE) VALUES (865,401,"COOKIE","SONIC DID IT","3/17/23");
INSERT INTO Interviews(ID,EMP_ID,CRIME_TYPE,INTERVIEW,DATE) VALUES (870,411,"MILK SPILL","SHADOW DID IT","3/17/23");
INSERT INTO Interviews(ID,EMP_ID,CRIME_TYPE,INTERVIEW,DATE) VALUES (875,421,"COOKIE","SONIC DID IT","3/17/23");
INSERT INTO Interviews(ID,EMP_ID,CRIME_TYPE,INTERVIEW,DATE) VALUES (880,431,"MILK SPILL","SHADOW DID IT","3/17/23");
INSERT INTO Interviews(ID,EMP_ID,CRIME_TYPE,INTERVIEW,DATE) VALUES (885,441,"COOKIE","SONIC DID IT","3/17/23");
INSERT INTO Interviews(ID,EMP_ID,CRIME_TYPE,INTERVIEW,DATE) VALUES (890,451,"MILK SPILL","SHADOW DID IT","3/17/23");
INSERT INTO Interviews(ID,EMP_ID,CRIME_TYPE,INTERVIEW,DATE) VALUES (895,461,"COOKIE","SONIC DID IT","3/17/23");
INSERT INTO Interviews(ID,EMP_ID,CRIME_TYPE,INTERVIEW,DATE) VALUES (900,471,"MILK SPILL","SHADOW DID IT","3/17/23");
INSERT INTO Interviews(ID,EMP_ID,CRIME_TYPE,INTERVIEW,DATE) VALUES (905,481,"COOKIE","SONIC DID IT","3/17/23");
INSERT INTO Interviews(ID,EMP_ID,CRIME_TYPE,INTERVIEW,DATE) VALUES (910,491,"MILK SPILL","SHADOW DID IT","3/17/23");
INSERT INTO Interviews(ID,EMP_ID,CRIME_TYPE,INTERVIEW,DATE) VALUES (915,501,"COOKIE","SONIC DID IT","3/17/23");
INSERT INTO Interviews(ID,EMP_ID,CRIME_TYPE,INTERVIEW,DATE) VALUES (920,511,"MILK SPILL","SHADOW DID IT","3/17/23");
INSERT INTO Interviews(ID,EMP_ID,CRIME_TYPE,INTERVIEW,DATE) VALUES (925,521,"COOKIE","SONIC DID IT","3/17/23");
INSERT INTO Interviews(ID,EMP_ID,CRIME_TYPE,INTERVIEW,DATE) VALUES (930,531,"MILK SPILL","SHADOW DID IT","3/17/23");
INSERT INTO Interviews(ID,EMP_ID,CRIME_TYPE,INTERVIEW,DATE) VALUES (935,541,"COOKIE","SONIC DID IT","3/17/23");
INSERT INTO Interviews(ID,EMP_ID,CRIME_TYPE,INTERVIEW,DATE) VALUES (940,551,"MILK SPILL","SHADOW DID IT","3/17/23");
INSERT INTO Interviews(ID,EMP_ID,CRIME_TYPE,INTERVIEW,DATE) VALUES (945,561,"COOKIE","SONIC DID IT","3/17/23");
INSERT INTO Interviews(ID,EMP_ID,CRIME_TYPE,INTERVIEW,DATE) VALUES (950,571,"MILK SPILL","SHADOW DID IT","3/17/23");
INSERT INTO Interviews(ID,EMP_ID,CRIME_TYPE,INTERVIEW,DATE) VALUES (955,581,"COOKIE","SONIC DID IT","3/17/23");
INSERT INTO Interviews(ID,EMP_ID,CRIME_TYPE,INTERVIEW,DATE) VALUES (960,591,"MILK SPILL","SHADOW DID IT","3/17/23");
INSERT INTO Interviews(ID,EMP_ID,CRIME_TYPE,INTERVIEW,DATE) VALUES (965,601,"COOKIE","SONIC DID IT","3/17/23");
INSERT INTO Interviews(ID,EMP_ID,CRIME_TYPE,INTERVIEW,DATE) VALUES (970,611,"MILK SPILL","SHADOW DID IT","3/17/23");
INSERT INTO Interviews(ID,EMP_ID,CRIME_TYPE,INTERVIEW,DATE) VALUES (975,621,"COOKIE","SONIC DID IT","3/17/23");
INSERT INTO Interviews(ID,EMP_ID,CRIME_TYPE,INTERVIEW,DATE) VALUES (980,631,"MILK SPILL","SHADOW DID IT","3/17/23");
INSERT INTO Interviews(ID,EMP_ID,CRIME_TYPE,INTERVIEW,DATE) VALUES (985,641,"COOKIE","SONIC DID IT","3/17/23");
INSERT INTO Interviews(ID,EMP_ID,CRIME_TYPE,INTERVIEW,DATE) VALUES (990,651,"MILK SPILL","SHADOW DID IT","3/17/23");
INSERT INTO Interviews(ID,EMP_ID,CRIME_TYPE,INTERVIEW,DATE) VALUES (995,661,"COOKIE","SONIC DID IT","3/17/23");
INSERT INTO Interviews(ID,EMP_ID,CRIME_TYPE,INTERVIEW,DATE) VALUES (1000,671,"MILK SPILL","SHADOW DID IT","3/17/23");
INSERT INTO Interviews(ID,EMP_ID,CRIME_TYPE,INTERVIEW,DATE) VALUES (1005,681,"COOKIE","SONIC DID IT","3/17/23");
INSERT INTO Interviews(ID,EMP_ID,CRIME_TYPE,INTERVIEW,DATE) VALUES (1010,691,"MILK SPILL","SHADOW DID IT","3/17/23");
INSERT INTO Interviews(ID,EMP_ID,CRIME_TYPE,INTERVIEW,DATE) VALUES (1015,701,"COOKIE","SONIC DID IT","3/17/23");
INSERT INTO Interviews(ID,EMP_ID,CRIME_TYPE,INTERVIEW,DATE) VALUES (1020,711,"MILK SPILL","SHADOW DID IT","3/17/23");
INSERT INTO Interviews(ID,EMP_ID,CRIME_TYPE,INTERVIEW,DATE) VALUES (1025,721,"COOKIE","SONIC DID IT","3/17/23");
INSERT INTO Interviews(ID,EMP_ID,CRIME_TYPE,INTERVIEW,DATE) VALUES (1030,731,"MILK SPILL","SHADOW DID IT","3/17/23");
INSERT INTO Interviews(ID,EMP_ID,CRIME_TYPE,INTERVIEW,DATE) VALUES (1035,741,"COOKIE","SONIC DID IT","3/17/23");
INSERT INTO Interviews(ID,EMP_ID,CRIME_TYPE,INTERVIEW,DATE) VALUES (1040,751,"MILK SPILL","SHADOW DID IT","3/17/23");
INSERT INTO Interviews(ID,EMP_ID,CRIME_TYPE,INTERVIEW,DATE) VALUES (1045,761,"COOKIE","SONIC DID IT","3/17/23");
INSERT INTO Interviews(ID,EMP_ID,CRIME_TYPE,INTERVIEW,DATE) VALUES (1050,771,"MILK SPILL","SHADOW DID IT","3/17/23");

CREATE TABLE Solution(
	ID TEXT PRIMARY KEY
);

INSERT INTO Solution(ID) VALUES ("SHADOW DID IT");
